Isostericity Matrix,,,,
cWW,A,C,G,U
A,I1.4,I1.2a,I1.3,I1.1
C,I1.2b,I1.6,I1.1,I1.5
G,I1.3,I1.1,,I1.2a
U,I1.1,I1.5,I1.2b,I1.7
,,,,
,,,,
,,,,
,,,,
,,,,
,,,,
,,,,
,,,,
,,,,
,,,,
,,,,
,,,,
,,,,
,,,,
Isostericity Matrix,,,,
tWW,A,C,G,U
A,I2.7,I2.4,,I2.2
C,I2.3,I2.9,I2.6,I2.8
G,,I2.5,I2.7,I2.4
U,I2.1,I2.8,I2.3,I2.9
,,,,
,,,,
,,,,
,,,,
,,,,
,,,,
,,,,
,,,,
,,,,
,,,,
Isostericity Matrix,,,,
cWH,A,C,G,U
A,,,I3.3,(I3.3)
C,,I3.2,I3.1,(I3.2)
G,I3.3,,I3.4,
U,I3.1,,I3.1,I3.2
,,,,
,,,,
,,,,
,,,,
,,,,
,,,,
Isostericity Matrix,,,,
tWH,A,C,G,U
A,I4.3,,I4.3/4.2,
C,I4.2,I4.1,I4.2,
G,,,I4.5,I4.3
U,I4.1,,I4.4,I4.2
,,,,
,,,,
,,,,
,,,,
,,,,
,,,,
Isostericity Matrix,,,,
cWS,A,C,G,U
A,I5.1,I5.1,I5.1,I5.1
C,I5.2,I5.2,I5.2,I5.2
G,I5.3,I5.3,I5.5,I5.3
U,I5.4,I5.4,I5.4,I5.4
,,,,
,,,,
,,,,
,,,,
,,,,
,,,,
,,,,
,,,,
,,,,
,,,,
,,,,
,,,,
Isostericity Matrix,,,,
tWS,A,C,G,U
A,I6.1,I6.2,I6.2,I6.1
C,I6.2,I6.1,I6.3,(I6.1)
G,,I6.3,,I6.3
U,I6.3,I6.4,I6.4,I6.4
,,,,
,,,,
,,,,
,,,,
,,,,
,,,,
,,,,
,,,,
,,,,
,,,,
Isostericity Matrix,,,,
cHH,A,C,G,U
A,,,I7.2,
C,,,I7.1a,
G,I7.3,I7.1b,I7.1,
U,,,,
,,,,
,,,,
Isostericity Matrix,,,,
tHH,A,C,G,U
A,I8.1,I8.1,I8.3,I8.3
C,I8.1,,I8.1,I8.3
G,I8.2,I8.1,I8.4,
U,I8.2,I8.2,,
,,,,
,,,,
,,,,
,,,,
,,,,
,,,,
,,,,
,,,,
,,,,
,,,,
Isostericity Matrix,,,,
cHS,A,C,G,U
A,I9.1,I9.1,I9.1,I9.1
C,I9.1,I9.1,I9.2,I9.1
G,I9.1,,I9.1,
U,I9.3,I9.1,I9.1,I9.1
,,,,
,,,,
,,,,
,,,,
,,,,
,,,,
,,,,
,,,,
,,,,
,,,,
Isostericity Matrix,,,,
tHS,A,C,G,U
A,I10.1,I10.1,I10.1,I10.1
C,I10.1,I10.1,,I10.1
G,,,I10.2,
U,I10.2,,I10.2,
,,,,
,,,,
,,,,
,,,,
,,,,
,,,,
Isostericity Matrix,,,,
cSS,A,C,G,U
A,I11.1,I11.1,I11.1,I11.1
C,I11.1,I11.1,I11.1,I11.1
G,I11.1,I11.1,I11.1,I11.1
U,I11.1,I11.1,I11.1,(I11.1)
,,,,
,,,,
,,,,
,,,,
,,,,
,,,,
,,,,
,,,,
,,,,
,,,,
,,,,
,,,,
Isostericity Matrix,,,,
tSS,A,C,G,U
A,I12.1,I12.1,I12.1,I12.1
C,,,,
G,I12.2,I12.2,I12.2,I12.2
U,,,,
